Icon,Surname,Full_Info,Team,Appearances,Time Played - Exact,Goals From Penalties,Goals From Set Plays,Headed Goal Attempts From Set Plays,Shots From Set Plays,Corners,Corners - Successful,Crosses From Free Kick,Crosses From Free Kick - Successful,Mins,Mins_90s,Corners_per_90,FK_Crosses_per_90,SetPieceShots_per_90,Club
,Aaronson,"Aaronson Brenden Aaronson (Leeds United, Midfielder)",LEE,37,2477,0,0,0,13,0,0,0,0,2477,27.522222222222222,0.0,0.0,0.47,Leeds United
,Abbott,"Abbott (Zach) Zach Abbott (Nottingham Forest, Defender)",NFO,3,159,0,0,0,0,0,0,0,0,159,1.7666666666666666,0.0,0.0,0.0,Nottingham Forest
,Abraham,"Abraham Tammy Abraham (Aston Villa, Forward)",AVL,12,338,0,1,0,1,0,0,0,0,338,3.7555555555555555,0.0,0.0,0.27,Aston Villa
,Acheampong,"Acheampong Josh Acheampong (Chelsea, Defender)",CHE,17,714,0,1,3,3,0,0,0,0,714,7.933333333333334,0.0,0.0,0.38,Chelsea
,Adams,"Adams Tyler Adams (Bournemouth, Midfielder)",BOU,25,1795,0,1,0,2,0,0,0,0,1795,19.944444444444443,0.0,0.0,0.1,Bournemouth
,Tosin,"Tosin Oluwatosin Adarabioyo (Chelsea, Defender)",CHE,16,839,0,0,2,2,0,0,0,0,839,9.322222222222223,0.0,0.0,0.21,Chelsea
,Adingra,"Adingra Simon Adingra (Sunderland, Midfielder)",SUN,14,678,0,1,0,3,0,0,0,0,678,7.533333333333333,0.0,0.0,0.4,Sunderland
,Adli,"Adli Amine Adli (Bournemouth, Midfielder)",BOU,31,1213,0,2,1,4,15,1,4,0,1213,13.477777777777778,1.11,0.3,0.3,Bournemouth
,Agbadou,"Agbadou Emmanuel Agbadou (Wolverhampton Wanderers, Defender)",WOL,14,1103,0,0,5,7,0,0,0,0,1103,12.255555555555556,0.0,0.0,0.57,WOL
,Aina,"Aina Ola Aina (Nottingham Forest, Defender)",NFO,18,1588,0,0,0,4,1,0,0,0,1588,17.644444444444446,0.06,0.0,0.23,Nottingham Forest
,Ait Nouri,"Ait Nouri Rayan Ait Nouri (Manchester City, Defender)",MCI,17,1003,0,0,0,2,7,2,0,0,1003,11.144444444444444,0.63,0.0,0.18,Manchester City
,Ajer,"Ajer Kristoffer Ajer (Brentford, Defender)",BRE,27,1839,0,0,5,6,0,0,0,0,1839,20.433333333333334,0.0,0.0,0.29,Brentford
,Aké,"Aké Nathan Aké (Manchester City, Defender)",MCI,18,751,0,0,4,5,0,0,0,0,751,8.344444444444445,0.0,0.0,0.6,Manchester City
,Alcaraz,"Alcaraz Carlos Alcaraz (Everton, Midfielder)",EVE,20,749,0,0,1,6,4,1,0,0,749,8.322222222222223,0.48,0.0,0.72,Everton
,Alderete,"Alderete Omar Alderete (Sunderland, Defender)",SUN,33,2796,0,1,11,20,0,0,0,0,2796,31.066666666666666,0.0,0.0,0.64,Sunderland
,Estêvão,"Estêvão Estêvão Willian Almeida de Oliveira Gonçalves (Chelsea, Midfielder)",CHE,22,885,0,0,0,1,14,1,1,0,885,9.833333333333334,1.42,0.1,0.1,Chelsea
,João Palhinha,"João Palhinha João Maria Lobo Alves Palhinha Gonçalves (Tottenham Hotspur, Midfielder)",TOT,33,2247,0,3,3,15,0,0,0,0,2247,24.966666666666665,0.0,0.0,0.6,Tottenham Hotspur
,Amdouni,"Amdouni Zeki Amdouni (Burnley, Forward)",BUR,4,96,0,0,0,0,0,0,0,0,96,1.0666666666666667,0.0,0.0,0.0,BUR
,Ampadu,"Ampadu Ethan Ampadu (Leeds United, Midfielder)",LEE,35,3078,0,1,2,9,0,0,0,0,3078,34.2,0.0,0.0,0.26,Leeds United
,Andersen,"Andersen Joachim Andersen (Fulham, Defender)",FUL,33,2873,0,0,7,10,0,0,0,0,2873,31.92222222222222,0.0,0.0,0.31,Fulham
,Anderson,"Anderson (Elliot) Elliot Anderson (Nottingham Forest, Midfielder)",NFO,38,3332,1,0,1,8,87,23,26,4,3332,37.022222222222226,2.35,0.7,0.22,Nottingham Forest
,Angulo,"Angulo Nilson Angulo (Sunderland, Midfielder)",SUN,8,409,0,0,1,1,0,0,2,1,409,4.544444444444444,0.0,0.44,0.22,Sunderland
,Anthony,"Anthony Jaidon Anthony (Burnley, Midfielder)",BUR,37,2746,0,1,1,13,27,9,4,0,2746,30.511111111111113,0.88,0.13,0.43,BUR
,Joelinton,"Joelinton Joelinton Cássio Apolinário de Lira (Newcastle United, Midfielder)",NEW,27,1969,0,0,6,9,0,0,0,0,1969,21.877777777777776,0.0,0.0,0.41,Newcastle United
,Arias,"Arias Jhon Arias (Wolverhampton Wanderers, Midfielder)",WOL,23,1165,0,0,0,4,16,5,2,1,1165,12.944444444444445,1.24,0.15,0.31,WOL
,Armstrong,"Armstrong (Adam) Adam Armstrong (Wolverhampton Wanderers, Forward)",WOL,14,1140,1,0,2,6,0,0,0,0,1140,12.666666666666666,0.0,0.0,0.47,WOL
,Armstrong,"Armstrong (Harrison) Harrison Armstrong (Everton, Midfielder)",EVE,13,554,0,0,2,3,0,0,0,0,554,6.155555555555556,0.0,0.0,0.49,Everton
,Arokodare,"Arokodare Tolu Arokodare (Wolverhampton Wanderers, Forward)",WOL,33,1528,0,2,13,16,0,0,0,0,1528,16.977777777777778,0.0,0.0,0.94,WOL
,Awoniyi,"Awoniyi Taiwo Awoniyi (Nottingham Forest, Forward)",NFO,17,565,0,0,2,2,0,0,0,0,565,6.277777777777778,0.0,0.0,0.32,Nottingham Forest
,Ayari,"Ayari Yasin Ayari (Brighton and Hove Albion, Midfielder)",BHA,29,1983,0,0,0,8,16,4,4,2,1983,22.033333333333335,0.73,0.18,0.36,Brighton and Hove Albion
,Badiashile,"Badiashile Benoît Badiashile (Chelsea, Defender)",CHE,8,480,0,0,0,0,0,0,0,0,480,5.333333333333333,0.0,0.0,0.0,Chelsea
,Bailey,"Bailey (Leon) Leon Bailey (Aston Villa, Midfielder)",AVL,13,499,0,0,0,2,14,3,0,0,499,5.544444444444444,2.53,0.0,0.36,Aston Villa
,Bakwa,"Bakwa Dilane Bakwa (Nottingham Forest, Midfielder)",NFO,14,587,0,0,0,0,12,3,1,0,587,6.522222222222222,1.84,0.15,0.0,Nottingham Forest
,Baleba,"Baleba Carlos Baleba (Brighton and Hove Albion, Midfielder)",BHA,31,1677,0,0,0,4,0,0,0,0,1677,18.633333333333333,0.0,0.0,0.21,Brighton and Hove Albion
,Ballard,"Ballard Danny Ballard (Sunderland, Defender)",SUN,29,2164,0,2,19,24,0,0,0,0,2164,24.044444444444444,0.0,0.0,1.0,Sunderland
,Barkley,"Barkley Ross Barkley (Aston Villa, Midfielder)",AVL,21,903,0,3,4,7,1,0,0,0,903,10.033333333333333,0.1,0.0,0.7,Aston Villa
,Barnes,"Barnes (Ashley) Ashley Barnes (Burnley, Forward)",BUR,7,95,0,0,0,1,0,0,0,0,95,1.0555555555555556,0.0,0.0,0.95,BUR
,Barnes,"Barnes (Harvey) Harvey Barnes (Newcastle United, Midfielder)",NEW,37,2056,0,2,3,13,2,1,0,0,2056,22.844444444444445,0.09,0.0,0.57,Newcastle United
,Barry,"Barry Thierno Barry (Everton, Forward)",EVE,38,1999,0,1,8,11,0,0,0,0,1999,22.211111111111112,0.0,0.0,0.5,Everton
,Bassey,"Bassey Calvin Bassey (Fulham, Defender)",FUL,30,2554,0,1,6,10,0,0,0,0,2554,28.377777777777776,0.0,0.0,0.35,Fulham
,Bellegarde,"Bellegarde Jean-Ricner Bellegarde (Wolverhampton Wanderers, Midfielder)",WOL,26,1294,0,0,1,5,5,1,3,0,1294,14.377777777777778,0.35,0.21,0.35,WOL
,Bentancur,"Bentancur Rodrigo Bentancur (Tottenham Hotspur, Midfielder)",TOT,26,1880,0,1,3,11,0,0,0,0,1880,20.88888888888889,0.0,0.0,0.53,Tottenham Hotspur
,Berge,"Berge Sander Berge (Fulham, Midfielder)",FUL,35,2914,0,0,3,7,0,0,0,0,2914,32.37777777777778,0.0,0.0,0.22,Fulham
,Bergvall,"Bergvall Lucas Bergvall (Tottenham Hotspur, Midfielder)",TOT,23,1026,0,0,1,3,0,0,0,0,1026,11.4,0.0,0.0,0.26,Tottenham Hotspur
,Bijol,"Bijol Jaka Bijol (Leeds United, Defender)",LEE,25,1890,0,1,14,15,0,0,0,0,1890,21.0,0.0,0.0,0.71,Leeds United
,Bissouma,"Bissouma Yves Bissouma (Tottenham Hotspur, Midfielder)",TOT,11,619,0,0,0,1,0,0,0,0,619,6.877777777777778,0.0,0.0,0.15,Tottenham Hotspur
,Bobb,"Bobb Oscar Bobb (Fulham, Midfielder)",FUL,23,1097,0,0,0,4,5,1,1,0,1097,12.188888888888888,0.41,0.08,0.33,Fulham
,Bogarde,"Bogarde Lamar Bogarde (Aston Villa, Defender)",AVL,28,1139,0,0,0,0,0,0,0,0,1139,12.655555555555555,0.0,0.0,0.0,Aston Villa
,Bogle,"Bogle Jayden Bogle (Leeds United, Defender)",LEE,34,2748,0,0,0,2,0,0,0,0,2748,30.533333333333335,0.0,0.0,0.07,Leeds United
,Bruno Fernandes,"Bruno Fernandes Bruno Miguel Borges Fernandes (Manchester United, Midfielder)",MUN,35,3062,4,1,0,16,90,29,30,9,3062,34.022222222222226,2.65,0.88,0.47,Manchester United
,Bornauw,"Bornauw Sebastiaan Bornauw (Leeds United, Defender)",LEE,12,453,0,0,1,1,0,0,0,0,453,5.033333333333333,0.0,0.0,0.2,Leeds United
,Boscagli,"Boscagli Olivier Boscagli (Brighton and Hove Albion, Defender)",BHA,12,821,0,0,0,0,4,0,0,0,821,9.122222222222222,0.44,0.0,0.0,Brighton and Hove Albion
,Botman,"Botman Sven Botman (Newcastle United, Defender)",NEW,25,1838,0,1,11,15,0,0,0,0,1838,20.42222222222222,0.0,0.0,0.73,Newcastle United
,Bowen,"Bowen Jarrod Bowen (West Ham United, Forward)",WHU,38,3402,1,1,5,12,57,15,2,0,3402,37.8,1.51,0.05,0.32,WHU
,Bradley,"Bradley Conor Bradley (Liverpool, Defender)",LIV,15,944,0,0,0,2,1,0,0,0,944,10.488888888888889,0.1,0.0,0.19,Liverpool
,Branthwaite,"Branthwaite Jarrad Branthwaite (Everton, Defender)",EVE,10,680,0,1,4,4,0,0,0,0,680,7.555555555555555,0.0,0.0,0.53,Everton
,Brobbey,"Brobbey Brian Brobbey (Sunderland, Forward)",SUN,31,1975,0,1,2,5,0,0,0,0,1975,21.944444444444443,0.0,0.0,0.23,Sunderland
,Broja,"Broja Armando Broja (Burnley, Forward)",BUR,24,948,0,1,2,4,0,0,0,0,948,10.533333333333333,0.0,0.0,0.38,BUR
,Brooks,"Brooks (David) David Brooks (Bournemouth, Midfielder)",BOU,31,1307,0,1,3,14,22,3,6,2,1307,14.522222222222222,1.51,0.41,0.96,Bournemouth
,Bruun Larsen,"Bruun Larsen Jacob Bruun Larsen (Burnley, Midfielder)",BUR,28,1107,0,0,1,10,18,4,3,0,1107,12.3,1.46,0.24,0.81,BUR
,Buendía,"Buendía Emiliano Buendía (Aston Villa, Midfielder)",AVL,36,1807,0,2,2,14,4,0,0,0,1807,20.07777777777778,0.2,0.0,0.7,Aston Villa
,Bueno,"Bueno (Hugo) Hugo Bueno (Wolverhampton Wanderers, Defender)",WOL,35,2408,0,1,0,4,45,12,13,5,2408,26.755555555555556,1.68,0.49,0.15,WOL
,Bueno,"Bueno (Santiago) Santiago Bueno (Wolverhampton Wanderers, Defender)",WOL,29,2559,0,3,4,8,0,0,0,0,2559,28.433333333333334,0.0,0.0,0.28,WOL
,Buonanotte,"Buonanotte Facundo Buonanotte (Leeds United, Midfielder)",LEE,4,95,0,0,0,0,2,1,0,0,95,1.0555555555555556,1.89,0.0,0.0,Leeds United
,Burn,"Burn Dan Burn (Newcastle United, Defender)",NEW,29,2223,0,1,7,7,0,0,0,0,2223,24.7,0.0,0.0,0.28,Newcastle United
,Moises Caicedo,"Moises Caicedo Moises Caicedo (Chelsea, Midfielder)",CHE,33,2788,0,1,0,10,0,0,0,0,2788,30.977777777777778,0.0,0.0,0.32,Chelsea
,Cairney,"Cairney Tom Cairney (Fulham, Midfielder)",FUL,24,871,0,1,0,5,4,1,1,0,871,9.677777777777777,0.41,0.1,0.52,Fulham
,Calafiori,"Calafiori Riccardo Calafiori (Arsenal, Defender)",ARS,26,1716,0,1,9,12,0,0,0,0,1716,19.066666666666666,0.0,0.0,0.63,Arsenal
,Calvert-Lewin,"Calvert-Lewin Dominic Calvert-Lewin (Leeds United, Forward)",LEE,35,2734,4,3,10,18,0,0,0,0,2734,30.377777777777776,0.0,0.0,0.59,Leeds United
,Canvot,"Canvot Jaydee Canvot (Crystal Palace, Defender)",CRY,20,1362,0,0,3,5,0,0,0,0,1362,15.133333333333333,0.0,0.0,0.33,Crystal Palace
,Pedro Lima,"Pedro Lima Pedro Henrique Cardoso de Lima (Wolverhampton Wanderers, Defender)",WOL,9,280,0,0,0,1,0,0,1,0,280,3.111111111111111,0.0,0.32,0.32,WOL
,Carvalho,"Carvalho Fabio Carvalho (Brentford, Midfielder)",BRE,6,130,0,1,0,1,3,1,0,0,130,1.4444444444444444,2.08,0.0,0.69,Brentford
,Cash,"Cash Matthew Cash (Aston Villa, Defender)",AVL,35,3008,0,2,0,14,47,12,6,1,3008,33.422222222222224,1.41,0.18,0.42,Aston Villa
,Dário Essugo,"Dário Essugo Dário Cassia Luís Essugo (Chelsea, Midfielder)",CHE,3,49,0,0,0,0,0,0,0,0,49,0.5444444444444444,0.0,0.0,0.0,Chelsea
,Castagne,"Castagne Timothy Castagne (Fulham, Defender)",FUL,30,1887,0,0,4,8,0,0,0,0,1887,20.966666666666665,0.0,0.0,0.38,Fulham
,Taty Castellanos,"Taty Castellanos Valentín Castellanos (West Ham United, Forward)",WHU,18,1380,0,2,9,11,0,0,0,0,1380,15.333333333333334,0.0,0.0,0.72,WHU
,Chalobah,"Chalobah Trevoh Chalobah (Chelsea, Defender)",CHE,34,2796,0,3,9,12,0,0,0,0,2796,31.066666666666666,0.0,0.0,0.39,Chelsea
,Cherki,"Cherki Rayan Cherki (Manchester City, Midfielder)",MCI,33,1866,0,1,0,13,55,13,7,2,1866,20.733333333333334,2.65,0.34,0.63,Manchester City
,Chiesa,"Chiesa Federico Chiesa (Liverpool, Midfielder)",LIV,26,513,0,0,0,3,0,0,0,0,513,5.7,0.0,0.0,0.53,Liverpool
,Christie,"Christie Ryan Christie (Bournemouth, Midfielder)",BOU,26,1085,0,0,0,4,4,1,2,0,1085,12.055555555555555,0.33,0.17,0.33,Bournemouth
,Chukwueze,"Chukwueze Samuel Chukwueze (Fulham, Midfielder)",FUL,23,1134,0,1,0,5,1,0,0,0,1134,12.6,0.08,0.0,0.4,Fulham
,Cirkin,"Cirkin Dennis Cirkin (Sunderland, Defender)",SUN,8,343,0,0,0,1,0,0,0,0,343,3.811111111111111,0.0,0.0,0.26,Sunderland
,Clyne,"Clyne Nathaniel Clyne (Crystal Palace, Defender)",CRY,10,616,0,0,0,0,0,0,0,0,616,6.844444444444444,0.0,0.0,0.0,Crystal Palace
,Coleman,"Coleman Seamus Coleman (Everton, Defender)",EVE,5,38,0,0,0,0,0,0,0,0,38,0.4222222222222222,0.0,0.0,0.0,Everton
,Collins,"Collins Nathan Collins (Brentford, Defender)",BRE,35,2990,0,1,17,19,0,0,0,0,2990,33.22222222222222,0.0,0.0,0.57,Brentford
,Colwill,"Colwill Levi Colwill (Chelsea, Defender)",CHE,3,225,0,0,0,0,0,0,0,0,225,2.5,0.0,0.0,0.0,Chelsea
,Cook,"Cook Lewis Cook (Bournemouth, Midfielder)",BOU,18,924,0,0,0,2,26,3,8,1,924,10.266666666666667,2.53,0.78,0.19,Bournemouth
,Coppola,"Coppola Diego Coppola (Brighton and Hove Albion, Defender)",BHA,5,206,0,0,0,0,0,0,0,0,206,2.2888888888888888,0.0,0.0,0.0,Brighton and Hove Albion
,Cucurella,"Cucurella Marc Cucurella (Chelsea, Defender)",CHE,34,2711,0,0,1,8,1,0,0,0,2711,30.122222222222224,0.03,0.0,0.27,Chelsea
,Cuenca,"Cuenca Jorge Cuenca (Fulham, Defender)",FUL,15,963,0,0,1,1,0,0,0,0,963,10.7,0.0,0.0,0.09,Fulham
,Cullen,"Cullen Josh Cullen (Burnley, Midfielder)",BUR,18,1510,0,0,0,7,5,2,1,1,1510,16.77777777777778,0.3,0.06,0.42,BUR
,André,"André André Trindade da Costa Neto (Wolverhampton Wanderers, Midfielder)",WOL,35,2761,0,0,0,9,19,4,10,3,2761,30.677777777777777,0.62,0.33,0.29,WOL
,Alysson Edward,"Alysson Edward Alysson Edward Franco da Rocha dos Santos (Aston Villa, Midfielder)",AVL,3,66,0,0,0,0,0,0,0,0,66,0.7333333333333333,0.0,0.0,0.0,Aston Villa
,Dalot,"Dalot José Diogo Dalot Teixeira (Manchester United, Defender)",MUN,34,2640,0,0,1,11,0,0,0,0,2640,29.333333333333332,0.0,0.0,0.38,Manchester United
,Damsgaard,"Damsgaard Mikkel Damsgaard (Brentford, Midfielder)",BRE,33,2088,0,1,2,9,43,12,14,3,2088,23.2,1.85,0.6,0.39,Brentford
,Danso,"Danso Kevin Danso (Tottenham Hotspur, Defender)",TOT,24,1538,0,0,9,11,0,0,0,0,1538,17.08888888888889,0.0,0.0,0.64,Tottenham Hotspur
,Davies,"Davies (Ben) Ben Davies (Tottenham Hotspur, Defender)",TOT,3,136,0,1,1,2,0,0,0,0,136,1.511111111111111,0.0,0.0,1.32,Tottenham Hotspur
,Richarlison,"Richarlison Richarlison de Andrade (Tottenham Hotspur, Forward)",TOT,32,2029,0,3,15,18,0,0,0,0,2029,22.544444444444444,0.0,0.0,0.8,Tottenham Hotspur
,De Cuyper,"De Cuyper Maxim De Cuyper (Brighton and Hove Albion, Defender)",BHA,30,1469,0,1,1,4,35,17,7,2,1469,16.322222222222223,2.14,0.43,0.25,Brighton and Hove Albion
,Jesus,"Jesus Gabriel Fernando de Jesus (Arsenal, Forward)",ARS,14,478,0,0,2,4,0,0,0,0,478,5.311111111111111,0.0,0.0,0.75,Arsenal
,de Ligt,"de Ligt Matthijs de Ligt (Manchester United, Defender)",MUN,13,1170,0,1,6,8,0,0,0,0,1170,13.0,0.0,0.0,0.62,Manchester United
,Evanilson,"Evanilson Francisco Evanilson de Lima Barbosa (Bournemouth, Forward)",BOU,36,2744,0,1,6,13,0,0,0,0,2744,30.488888888888887,0.0,0.0,0.43,Bournemouth
,Souza,"Souza João Victor de Souza Menezes (Tottenham Hotspur, Defender)",TOT,4,153,0,0,0,0,1,0,0,0,153,1.7,0.59,0.0,0.0,Tottenham Hotspur
,Delap,"Delap Liam Delap (Chelsea, Forward)",CHE,28,1196,0,1,2,4,0,0,0,0,1196,13.28888888888889,0.0,0.0,0.3,Chelsea
,Devenny,"Devenny Justin Devenny (Crystal Palace, Midfielder)",CRY,21,863,1,0,0,3,1,0,1,0,863,9.588888888888889,0.1,0.1,0.31,Crystal Palace
,Dewsbury-Hall,"Dewsbury-Hall Kiernan Dewsbury-Hall (Everton, Midfielder)",EVE,31,2619,0,1,1,9,43,9,20,4,2619,29.1,1.48,0.69,0.31,Everton
,Diakité,"Diakité Bafodé Diakité (Bournemouth, Defender)",BOU,18,1295,0,0,1,1,0,0,0,0,1295,14.38888888888889,0.0,0.0,0.07,Bournemouth
,Diarra,"Diarra Habib Diarra (Sunderland, Midfielder)",SUN,20,1406,1,0,0,5,0,0,0,0,1406,15.622222222222222,0.0,0.0,0.32,Sunderland
,Dibling,"Dibling Tyler Dibling (Everton, Midfielder)",EVE,14,404,0,0,0,2,0,0,0,0,404,4.488888888888889,0.0,0.0,0.45,Everton
,Digne,"Digne Lucas Digne (Aston Villa, Defender)",AVL,31,1898,0,0,0,8,38,15,3,0,1898,21.08888888888889,1.8,0.14,0.38,Aston Villa
,Diop,"Diop Issa Diop (Fulham, Defender)",FUL,13,830,0,1,2,2,0,0,0,0,830,9.222222222222221,0.0,0.0,0.22,Fulham
,Diouf,"Diouf El Hadji Malick Diouf (West Ham United, Defender)",WHU,32,2709,0,0,2,11,7,2,4,2,2709,30.1,0.23,0.13,0.37,WHU
,Disasi,"Disasi Axel Disasi (West Ham United, Defender)",WHU,14,1254,0,0,3,4,0,0,0,0,1254,13.933333333333334,0.0,0.0,0.29,WHU
,Doak,"Doak Ben Doak (Bournemouth, Midfielder)",BOU,8,170,0,0,0,0,0,0,0,0,170,1.8888888888888888,0.0,0.0,0.0,Bournemouth
,Doherty,"Doherty Matt Doherty (Wolverhampton Wanderers, Defender)",WOL,11,781,0,0,0,3,0,0,0,0,781,8.677777777777777,0.0,0.0,0.35,WOL
,Doku,"Doku Jéremy Doku (Manchester City, Midfielder)",MCI,30,1837,0,2,0,6,1,0,0,0,1837,20.41111111111111,0.05,0.0,0.29,Manchester City
,Nicolás Domínguez,"Nicolás Domínguez Nicolás Domínguez (Nottingham Forest, Midfielder)",NFO,27,1216,0,1,4,9,4,2,0,0,1216,13.511111111111111,0.3,0.0,0.67,Nottingham Forest
,Donovan,"Donovan Romelle Donovan (Brentford, Midfielder)",BRE,4,68,0,0,0,1,0,0,0,0,68,0.7555555555555555,0.0,0.0,1.32,Brentford
,Dorgu,"Dorgu Patrick Dorgu (Manchester United, Defender)",MUN,26,1509,0,2,1,4,0,0,0,0,1509,16.766666666666666,0.0,0.0,0.24,Manchester United
,Igor Julio,"Igor Julio Igor Julio dos Santos de Paulo (Brighton and Hove Albion, Defender)",BHA,4,122,0,0,0,0,0,0,0,0,122,1.3555555555555556,0.0,0.0,0.0,Brighton and Hove Albion
,Gabriel Magalhães,"Gabriel Magalhães Gabriel dos Santos Magalhães (Arsenal, Defender)",ARS,32,2754,0,3,15,23,0,0,0,0,2754,30.6,0.0,0.0,0.75,Arsenal
,Dowman,"Dowman Max Dowman (Arsenal, Midfielder)",ARS,6,186,0,0,0,1,2,0,0,0,186,2.066666666666667,0.97,0.0,0.48,Arsenal
,Dragusin,"Dragusin Radu Dragusin (Tottenham Hotspur, Defender)",TOT,10,543,0,0,2,4,0,0,0,0,543,6.033333333333333,0.0,0.0,0.66,Tottenham Hotspur
,Dunk,"Dunk Lewis Dunk (Brighton and Hove Albion, Defender)",BHA,33,2844,0,1,15,23,0,0,0,0,2844,31.6,0.0,0.0,0.73,Brighton and Hove Albion
,Edozie,"Edozie Tom Edozie (Wolverhampton Wanderers, Midfielder)",WOL,3,25,0,0,0,0,0,0,0,0,25,0.2777777777777778,0.0,0.0,0.0,WOL
,Marcus Edwards,"Marcus Edwards Marcus Edwards (Burnley, Midfielder)",BUR,23,1118,0,0,0,5,5,1,0,0,1118,12.422222222222222,0.4,0.0,0.4,BUR
,Ekdal,"Ekdal Hjalmar Ekdal (Burnley, Defender)",BUR,19,1550,0,0,3,6,0,0,0,0,1550,17.22222222222222,0.0,0.0,0.35,BUR
,Ekitiké,"Ekitiké Hugo Ekitiké (Liverpool, Forward)",LIV,28,1829,0,2,6,8,0,0,0,0,1829,20.322222222222223,0.0,0.0,0.39,Liverpool
,Elanga,"Elanga Anthony Elanga (Newcastle United, Midfielder)",NEW,32,1427,0,0,0,2,15,1,0,0,1427,15.855555555555556,0.95,0.0,0.13,Newcastle United
,Elliott,"Elliott Harvey Elliott (Aston Villa, Midfielder)",AVL,5,140,0,0,0,2,0,0,0,0,140,1.5555555555555556,0.0,0.0,1.29,Aston Villa
,Endo,"Endo Wataru Endo (Liverpool, Midfielder)",LIV,8,210,0,0,0,0,0,0,0,0,210,2.3333333333333335,0.0,0.0,0.0,Liverpool
,Mateus Fernandes,"Mateus Fernandes Mateus Gonçalo Espanha Fernandes (West Ham United, Midfielder)",WHU,36,3020,0,0,0,7,13,4,11,2,3020,33.55555555555556,0.39,0.33,0.21,WHU
,Esse,"Esse Romain Esse (Crystal Palace, Midfielder)",CRY,4,64,0,0,0,0,0,0,0,0,64,0.7111111111111111,0.0,0.0,0.0,Crystal Palace
,Esteve,"Esteve Maxime Esteve (Burnley, Defender)",BUR,34,2924,0,0,6,10,0,0,0,0,2924,32.48888888888889,0.0,0.0,0.31,BUR
,Eze,"Eze Eberechi Eze (Arsenal, Midfielder)",ARS,33,1933,0,2,0,23,3,0,2,0,1933,21.477777777777778,0.14,0.09,1.07,Arsenal
,Fernández,"Fernández (Enzo) Enzo Fernández (Chelsea, Midfielder)",CHE,36,3115,2,1,2,21,55,9,4,1,3115,34.611111111111114,1.59,0.12,0.61,Chelsea
,Flemming,"Flemming Zian Flemming (Burnley, Forward)",BUR,29,1805,2,1,7,15,0,0,0,0,1805,20.055555555555557,0.0,0.0,0.75,BUR
,Jack Fletcher,"Jack Fletcher Jack Fletcher (Manchester United, Midfielder)",MUN,3,112,0,0,0,1,0,0,0,0,112,1.2444444444444445,0.0,0.0,0.8,Manchester United
,Foden,"Foden Phil Foden (Manchester City, Midfielder)",MCI,33,2142,0,1,0,8,92,36,7,0,2142,23.8,3.87,0.29,0.34,Manchester City
,Fofana,"Fofana (Wesley) Wesley Fofana (Chelsea, Defender)",CHE,25,1746,0,0,6,8,0,0,0,0,1746,19.4,0.0,0.0,0.41,Chelsea
,Foster,"Foster Lyle Foster (Burnley, Forward)",BUR,26,1415,0,0,1,4,0,0,0,0,1415,15.722222222222221,0.0,0.0,0.25,BUR
,Casemiro,"Casemiro Carlos Henrique Jose Francisco Venancio (Manchester United, Midfielder)",MUN,34,2568,0,8,22,25,0,0,0,0,2568,28.533333333333335,0.0,0.0,0.88,Manchester United
,Frimpong,"Frimpong Jeremie Frimpong (Liverpool, Defender)",LIV,21,1103,0,0,0,1,0,0,0,0,1103,12.255555555555556,0.0,0.0,0.08,Liverpool
,Füllkrug,"Füllkrug Niclas Füllkrug (West Ham United, Forward)",WHU,8,422,0,0,5,5,0,0,0,0,422,4.688888888888889,0.0,0.0,1.07,WHU
,Gakpo,"Gakpo Cody Gakpo (Liverpool, Midfielder)",LIV,36,2742,0,0,3,11,33,5,0,0,2742,30.466666666666665,1.08,0.0,0.36,Liverpool
,Gallagher,"Gallagher Conor Gallagher (Tottenham Hotspur, Midfielder)",TOT,16,1186,0,1,1,7,0,0,0,0,1186,13.177777777777777,0.0,0.0,0.53,Tottenham Hotspur
,García,"García Andrés García (Aston Villa, Defender)",AVL,6,114,0,0,0,0,0,0,0,0,114,1.2666666666666666,0.0,0.0,0.0,Aston Villa
,Garnacho,"Garnacho Alejandro Garnacho Ferreyra (Chelsea, Midfielder)",CHE,24,1296,0,0,0,5,0,0,0,0,1296,14.4,0.0,0.0,0.35,Chelsea
,Garner,"Garner James Garner (Everton, Midfielder)",EVE,38,3413,0,0,0,26,110,24,36,13,3413,37.922222222222224,2.9,0.95,0.69,Everton
,Rúben Dias,"Rúben Dias Rúben Santos Gato Alves Dias (Manchester City, Defender)",MCI,26,2159,0,1,5,6,0,0,0,0,2159,23.988888888888887,0.0,0.0,0.25,Manchester City
,Geertruida,"Geertruida Lutsharel Geertruida (Sunderland, Defender)",SUN,28,1742,0,0,0,5,0,0,0,0,1742,19.355555555555554,0.0,0.0,0.26,Sunderland
,George,"George Tyrique George (Everton, Midfielder)",EVE,15,441,0,0,0,2,0,0,0,0,441,4.9,0.0,0.0,0.41,Everton
,Gibbs-White,"Gibbs-White Morgan Gibbs-White (Nottingham Forest, Midfielder)",NFO,37,3090,1,4,5,19,1,0,1,0,3090,34.333333333333336,0.03,0.03,0.55,Nottingham Forest
,Gittens,"Gittens Jamie Gittens (Chelsea, Midfielder)",CHE,16,551,0,0,0,3,0,0,0,0,551,6.122222222222222,0.0,0.0,0.49,Chelsea
,Gnonto,"Gnonto Degnand Wilfried Gnonto (Leeds United, Midfielder)",LEE,23,651,0,0,0,4,1,0,0,0,651,7.233333333333333,0.14,0.0,0.55,Leeds United
,Angel Gomes,"Angel Gomes Angel Gomes (Wolverhampton Wanderers, Midfielder)",WOL,12,481,0,0,0,2,3,1,5,0,481,5.344444444444444,0.56,0.94,0.37,WOL
,Rodrigo Gomes,"Rodrigo Gomes Rodrigo Martins Gomes (Wolverhampton Wanderers, Defender)",WOL,22,1008,0,0,1,2,0,0,0,0,1008,11.2,0.0,0.0,0.18,WOL
,Toti,"Toti Toti António Gomes (Wolverhampton Wanderers, Defender)",WOL,19,1430,0,0,1,4,0,0,0,0,1430,15.88888888888889,0.0,0.0,0.25,WOL
,Beto,"Beto Norberto Bercique Gomes Betuncal (Everton, Forward)",EVE,37,1649,0,2,9,11,0,0,0,0,1649,18.322222222222223,0.0,0.0,0.6,Everton
,João Gomes,"João Gomes João Victor Gomes da Silva (Wolverhampton Wanderers, Midfielder)",WOL,35,2836,0,0,0,7,0,0,0,0,2836,31.511111111111113,0.0,0.0,0.22,WOL
,Gómez,"Gómez Diego Gómez (Brighton and Hove Albion, Midfielder)",BHA,32,2134,0,0,1,5,1,0,0,0,2134,23.711111111111112,0.04,0.0,0.21,Brighton and Hove Albion
,Gomez,"Gomez Joseph Gomez (Liverpool, Defender)",LIV,21,690,0,0,1,2,0,0,0,0,690,7.666666666666667,0.0,0.0,0.26,Liverpool
,González,"González (Nico) Nico González (Manchester City, Midfielder)",MCI,25,1603,0,1,0,3,0,0,0,0,1603,17.81111111111111,0.0,0.0,0.17,Manchester City
,Gordon,"Gordon (Anthony) Anthony Gordon (Newcastle United, Midfielder)",NEW,26,1796,3,0,1,8,4,0,1,1,1796,19.955555555555556,0.2,0.05,0.4,Newcastle United
,Gravenberch,"Gravenberch Ryan Gravenberch (Liverpool, Midfielder)",LIV,36,2997,0,1,0,7,0,0,0,0,2997,33.3,0.0,0.0,0.21,Liverpool
,Gray,"Gray (Archie) Archie Gray (Tottenham Hotspur, Midfielder)",TOT,24,1517,0,2,2,3,0,0,0,0,1517,16.855555555555554,0.0,0.0,0.18,Tottenham Hotspur
,Grealish,"Grealish Jack Grealish (Everton, Midfielder)",EVE,20,1632,0,0,0,10,2,0,0,0,1632,18.133333333333333,0.11,0.0,0.55,Everton
,Groß,"Groß Pascal Groß (Brighton and Hove Albion, Midfielder)",BHA,19,1641,0,0,0,6,57,15,11,4,1641,18.233333333333334,3.13,0.6,0.33,Brighton and Hove Albion
,Gruda,"Gruda Brajan Gruda (Brighton and Hove Albion, Midfielder)",BHA,18,783,0,0,0,2,7,1,2,0,783,8.7,0.8,0.23,0.23,Brighton and Hove Albion
,Gruev,"Gruev Ilia Gruev (Leeds United, Midfielder)",LEE,23,1357,0,0,1,3,4,0,8,4,1357,15.077777777777778,0.27,0.53,0.2,Leeds United
,Gudmundsson,"Gudmundsson Gabriel Gudmundsson (Leeds United, Defender)",LEE,32,2625,0,0,1,13,3,1,1,0,2625,29.166666666666668,0.1,0.03,0.45,Leeds United
,Marc Guehi,"Marc Guehi Addji Keaninkin Marc-Israel Guehi (Manchester City, Defender)",MCI,35,3150,0,2,22,28,2,0,0,0,3150,35.0,0.06,0.0,0.8,Manchester City
,Guessand,"Guessand Evann Guessand (Crystal Palace, Midfielder)",CRY,21,975,0,0,1,2,0,0,0,0,975,10.833333333333334,0.0,0.0,0.18,Crystal Palace
,Gueye,"Gueye Idrissa Gueye (Everton, Midfielder)",EVE,25,2093,0,1,0,12,0,0,0,0,2093,23.255555555555556,0.0,0.0,0.52,Everton
,Bruno Guimarães,"Bruno Guimarães Bruno Guimarães Rodriguez Moura (Newcastle United, Midfielder)",NEW,29,2459,2,3,5,13,43,13,7,0,2459,27.322222222222223,1.57,0.26,0.48,Newcastle United
,Guiu,"Guiu Marc Guiu (Chelsea, Forward)",CHE,10,315,0,0,1,1,0,0,0,0,315,3.5,0.0,0.0,0.29,Chelsea
,Gusto,"Gusto Malo Gusto (Chelsea, Defender)",CHE,34,2296,0,0,0,3,0,0,0,0,2296,25.511111111111113,0.0,0.0,0.12,Chelsea
,Gvardiol,"Gvardiol Joško Gvardiol (Manchester City, Defender)",MCI,18,1385,0,2,9,11,0,0,0,0,1385,15.38888888888889,0.0,0.0,0.71,Manchester City
,Gyokeres,"Gyokeres Viktor Gyokeres (Arsenal, Forward)",ARS,36,2276,3,3,4,9,0,0,0,0,2276,25.288888888888888,0.0,0.0,0.36,Arsenal
,Haaland,"Haaland Erling Haaland (Manchester City, Forward)",MCI,35,2955,3,0,11,19,0,0,0,0,2955,32.833333333333336,0.0,0.0,0.58,Manchester City
,Lewis Hall,"Lewis Hall Lewis Hall (Newcastle United, Defender)",NEW,30,2221,0,1,0,12,41,5,7,4,2221,24.677777777777777,1.66,0.28,0.49,Newcastle United
,Harrison,"Harrison (Jack) Jack Harrison (Leeds United, Midfielder)",LEE,11,308,0,0,0,2,3,1,1,0,308,3.422222222222222,0.88,0.29,0.58,Leeds United
,Hartman,"Hartman Quilindschy Hartman (Burnley, Defender)",BUR,21,1821,0,0,0,5,21,3,6,0,1821,20.233333333333334,1.04,0.3,0.25,BUR
,Hato,"Hato Jorrel Hato (Chelsea, Defender)",CHE,22,1201,0,0,1,2,0,0,0,0,1201,13.344444444444445,0.0,0.0,0.15,Chelsea
,Havertz,"Havertz Kai Havertz (Arsenal, Forward)",ARS,12,608,0,1,3,6,0,0,0,0,608,6.7555555555555555,0.0,0.0,0.89,Arsenal
,Heaven,"Heaven Ayden Heaven (Manchester United, Defender)",MUN,17,957,0,0,2,2,0,0,0,0,957,10.633333333333333,0.0,0.0,0.19,Manchester United
,Henderson,"Henderson (Jordan) Jordan Henderson (Brentford, Midfielder)",BRE,32,1972,0,0,0,4,3,1,9,4,1972,21.91111111111111,0.14,0.41,0.18,Brentford
,Henry,"Henry Rico Henry (Brentford, Defender)",BRE,25,1390,0,0,0,5,0,0,0,0,1390,15.444444444444445,0.0,0.0,0.32,Brentford
,Rodri,"Rodri Rodrigo Hernández Cascante (Manchester City, Midfielder)",MCI,21,1526,0,1,5,9,0,0,0,0,1526,16.955555555555556,0.0,0.0,0.53,Manchester City
,Hickey,"Hickey Aaron Hickey (Brentford, Defender)",BRE,21,759,0,0,0,5,0,0,0,0,759,8.433333333333334,0.0,0.0,0.59,Brentford
,Hill,"Hill (James) James Hill (Bournemouth, Defender)",BOU,29,2140,0,0,8,11,0,0,0,0,2140,23.77777777777778,0.0,0.0,0.46,Bournemouth
,Hincapie,"Hincapie Piero Hincapie (Arsenal, Defender)",ARS,25,1823,0,0,0,1,0,0,0,0,1823,20.255555555555556,0.0,0.0,0.05,Arsenal
,Hinshelwood,"Hinshelwood Jack Hinshelwood (Brighton and Hove Albion, Midfielder)",BHA,27,1758,0,0,6,8,1,0,0,0,1758,19.533333333333335,0.05,0.0,0.41,Brighton and Hove Albion
,Hoever,"Hoever Ki-Jana Hoever (Wolverhampton Wanderers, Defender)",WOL,8,427,0,0,0,0,0,0,0,0,427,4.7444444444444445,0.0,0.0,0.0,WOL
,Howell,"Howell Harry Howell (Brighton and Hove Albion, Midfielder)",BHA,3,106,0,0,0,0,0,0,0,0,106,1.1777777777777778,0.0,0.0,0.0,Brighton and Hove Albion
,Hudson-Odoi,"Hudson-Odoi Callum Hudson-Odoi (Nottingham Forest, Midfielder)",NFO,30,1875,0,0,0,2,7,2,0,0,1875,20.833333333333332,0.34,0.0,0.1,Nottingham Forest
,Hughes,"Hughes Will Hughes (Crystal Palace, Midfielder)",CRY,31,1641,0,0,0,5,23,11,8,0,1641,18.233333333333334,1.26,0.44,0.27,Crystal Palace
,Hume,"Hume Trai Hume (Sunderland, Defender)",SUN,38,3062,0,0,3,11,22,6,14,1,3062,34.022222222222226,0.65,0.41,0.32,Sunderland
,Humphreys,"Humphreys Bashir Humphreys (Burnley, Defender)",BUR,20,1592,0,0,3,5,0,0,0,0,1592,17.68888888888889,0.0,0.0,0.28,BUR
,Hutchinson,"Hutchinson Omari Hutchinson (Nottingham Forest, Midfielder)",NFO,31,1740,0,0,0,5,45,5,4,0,1740,19.333333333333332,2.33,0.21,0.26,Nottingham Forest
,Hwang Hee-Chan,"Hwang Hee-Chan Hee-Chan Hwang (Wolverhampton Wanderers, Midfielder)",WOL,26,1479,1,0,1,7,6,1,1,0,1479,16.433333333333334,0.37,0.06,0.43,WOL
,Iroegbunam,"Iroegbunam Tim Iroegbunam (Everton, Midfielder)",EVE,29,1547,0,0,0,5,0,0,0,0,1547,17.18888888888889,0.0,0.0,0.29,Everton
,Irving,"Irving Andy Irving (West Ham United, Midfielder)",WHU,7,185,0,0,0,0,12,2,1,0,185,2.0555555555555554,5.84,0.49,0.0,WHU
,Isak,"Isak Alexander Isak (Liverpool, Forward)",LIV,14,716,0,1,1,3,0,0,0,0,716,7.955555555555556,0.0,0.0,0.38,Liverpool
,Isidor,"Isidor Wilson Isidor (Sunderland, Forward)",SUN,32,1280,0,1,1,4,0,0,0,0,1280,14.222222222222221,0.0,0.0,0.28,Sunderland
,Iwobi,"Iwobi Alex Iwobi (Fulham, Midfielder)",FUL,29,2406,0,0,0,8,41,13,4,3,2406,26.733333333333334,1.53,0.15,0.3,Fulham
,James,"James (Daniel) Daniel James (Leeds United, Midfielder)",LEE,19,618,0,0,0,4,1,0,0,0,618,6.866666666666666,0.15,0.0,0.58,Leeds United
,James,"James (Reece) Reece James (Chelsea, Defender)",CHE,29,2000,0,2,0,10,81,16,11,1,2000,22.22222222222222,3.64,0.5,0.45,Chelsea
,Janelt,"Janelt Vitaly Janelt (Brentford, Midfielder)",BRE,25,1500,0,0,2,5,37,14,12,3,1500,16.666666666666668,2.22,0.72,0.3,Brentford
,Jensen,"Jensen Mathias Jensen (Brentford, Midfielder)",BRE,36,2296,0,1,1,9,65,19,18,8,2296,25.511111111111113,2.55,0.71,0.35,Brentford
,Jiménez,"Jiménez Álex Jiménez (Bournemouth, Defender)",BOU,31,2337,0,0,0,8,0,0,0,0,2337,25.966666666666665,0.0,0.0,0.31,Bournemouth
,Raúl Jiménez,"Raúl Jiménez Raul Alonso Jimenez Rodriguez (Fulham, Forward)",FUL,36,2236,4,2,6,19,0,0,0,0,2236,24.844444444444445,0.0,0.0,0.76,Fulham
,Johnson,"Johnson (Brennan) Brennan Johnson (Crystal Palace, Midfielder)",CRY,34,1793,0,0,1,4,23,7,4,2,1793,19.92222222222222,1.15,0.2,0.2,Crystal Palace
,Jones,"Jones (Curtis) Curtis Jones (Liverpool, Midfielder)",LIV,34,2023,0,0,1,4,2,0,0,0,2023,22.477777777777778,0.09,0.0,0.18,Liverpool
,João Pedro,"João Pedro João Pedro Junqueira de Jesus (Chelsea, Forward)",CHE,35,2655,0,3,11,17,0,0,0,0,2655,29.5,0.0,0.0,0.58,Chelsea
,Justin,"Justin James Justin (Leeds United, Defender)",LEE,29,1949,0,1,6,12,9,4,1,0,1949,21.655555555555555,0.42,0.05,0.55,Leeds United
,Kadioglu,"Kadioglu Ferdi Kadioglu (Brighton and Hove Albion, Defender)",BHA,37,3149,0,1,0,6,25,5,3,1,3149,34.98888888888889,0.71,0.09,0.17,Brighton and Hove Albion
,Kalimuendo,"Kalimuendo Arnaud Kalimuendo (Nottingham Forest, Forward)",NFO,9,142,0,0,0,1,0,0,0,0,142,1.5777777777777777,0.0,0.0,0.63,Nottingham Forest
,Kamada,"Kamada Daichi Kamada (Crystal Palace, Midfielder)",CRY,28,1918,0,0,0,5,22,3,9,2,1918,21.31111111111111,1.03,0.42,0.23,Crystal Palace
,Kamara,"Kamara Boubacar Kamara (Aston Villa, Midfielder)",AVL,18,1413,0,0,2,2,2,0,0,0,1413,15.7,0.13,0.0,0.13,Aston Villa
,Kanté,"Kanté Mohamadou Kanté (West Ham United, Midfielder)",WHU,11,129,0,0,0,0,0,0,0,0,129,1.4333333333333333,0.0,0.0,0.0,WHU
,Kayode,"Kayode Michael Kayode (Brentford, Defender)",BRE,37,3256,0,0,0,0,0,0,0,0,3256,36.17777777777778,0.0,0.0,0.0,Brentford
,Keane,"Keane Michael Keane (Everton, Defender)",EVE,33,2611,0,3,10,17,0,0,0,0,2611,29.011111111111113,0.0,0.0,0.59,Everton
,Kerkez,"Kerkez Milos Kerkez (Liverpool, Defender)",LIV,34,2310,0,0,0,2,0,0,0,0,2310,25.666666666666668,0.0,0.0,0.08,Liverpool
,Khusanov,"Khusanov Abduqodir Khusanov (Manchester City, Defender)",MCI,21,1451,0,0,2,3,0,0,0,0,1451,16.122222222222224,0.0,0.0,0.19,Manchester City
,Kilman,"Kilman Max Kilman (West Ham United, Defender)",WHU,21,1578,0,0,5,7,0,0,0,0,1578,17.533333333333335,0.0,0.0,0.4,WHU
,King,"King (Joshua) Joshua King (Fulham, Midfielder)",FUL,32,1383,0,0,1,6,0,0,0,0,1383,15.366666666666667,0.0,0.0,0.39,Fulham
,Kluivert,"Kluivert Justin Kluivert (Bournemouth, Midfielder)",BOU,20,1001,0,1,0,6,20,3,5,1,1001,11.122222222222222,1.8,0.45,0.54,Bournemouth
,Kolo Muani,"Kolo Muani Randal Kolo Muani (Tottenham Hotspur, Forward)",TOT,30,1694,0,0,2,7,0,0,0,0,1694,18.822222222222223,0.0,0.0,0.37,Tottenham Hotspur
,Konaté,"Konaté Ibrahima Konaté (Liverpool, Defender)",LIV,36,3088,0,1,9,11,0,0,0,0,3088,34.31111111111111,0.0,0.0,0.32,Liverpool
,Konsa Ngoyo,"Konsa Ngoyo Ezri Konsa Ngoyo (Aston Villa, Defender)",AVL,34,3035,0,0,8,11,0,0,0,0,3035,33.72222222222222,0.0,0.0,0.33,Aston Villa
,Kostoulas,"Kostoulas Charalampos Kostoulas (Brighton and Hove Albion, Forward)",BHA,21,487,0,1,2,5,1,0,0,0,487,5.411111111111111,0.18,0.0,0.92,Brighton and Hove Albion
,Kovacic,"Kovacic Mateo Kovacic (Manchester City, Midfielder)",MCI,6,166,0,0,0,0,0,0,0,0,166,1.8444444444444446,0.0,0.0,0.0,Manchester City
,Ladislav Krejci II,"Ladislav Krejci II Ladislav Krejci (Wolverhampton Wanderers, Defender)",WOL,28,2353,0,1,12,14,0,0,0,0,2353,26.144444444444446,0.0,0.0,0.54,WOL
,Kroupi,"Kroupi Eli Kroupi (Bournemouth, Forward)",BOU,33,1742,2,4,2,14,1,0,0,0,1742,19.355555555555554,0.05,0.0,0.72,Bournemouth
,Kudus,"Kudus Mohammed Kudus (Tottenham Hotspur, Midfielder)",TOT,19,1529,0,0,0,6,49,10,4,1,1529,16.988888888888887,2.88,0.24,0.35,Tottenham Hotspur
,Kusi-Asare,"Kusi-Asare Jonah Kusi-Asare (Fulham, Forward)",FUL,7,98,0,0,0,0,0,0,0,0,98,1.0888888888888888,0.0,0.0,0.0,Fulham
,Lacey,"Lacey Shea Lacey (Manchester United, Midfielder)",MUN,3,54,0,0,0,0,0,0,0,0,54,0.6,0.0,0.0,0.0,Manchester United
,Lacroix,"Lacroix Maxence Lacroix (Crystal Palace, Defender)",CRY,35,3085,0,1,15,23,0,0,0,0,3085,34.27777777777778,0.0,0.0,0.67,Crystal Palace
,Laurent,"Laurent Josh Laurent (Burnley, Midfielder)",BUR,33,1851,0,1,0,6,0,0,0,0,1851,20.566666666666666,0.0,0.0,0.29,BUR
,Lavia,"Lavia Romeo Lavia (Chelsea, Midfielder)",CHE,12,433,0,0,1,1,0,0,0,0,433,4.811111111111111,0.0,0.0,0.21,Chelsea
,Le Fée,"Le Fée Enzo Le Fée (Sunderland, Midfielder)",SUN,36,2951,3,0,0,8,50,16,13,2,2951,32.78888888888889,1.52,0.4,0.24,Sunderland
,Lerma,"Lerma Jefferson Lerma (Crystal Palace, Midfielder)",CRY,31,1805,0,0,7,11,0,0,0,0,1805,20.055555555555557,0.0,0.0,0.55,Crystal Palace
,Lewis,"Lewis Rico Lewis (Manchester City, Defender)",MCI,11,439,0,0,0,1,0,0,0,0,439,4.877777777777778,0.0,0.0,0.21,Manchester City
,Lewis-Potter,"Lewis-Potter Keane Lewis-Potter (Brentford, Defender)",BRE,36,2039,0,1,4,16,2,1,0,0,2039,22.655555555555555,0.09,0.0,0.71,Brentford
,Lewis-Skelly,"Lewis-Skelly Myles Lewis-Skelly (Arsenal, Defender)",ARS,20,786,0,0,0,1,0,0,0,0,786,8.733333333333333,0.0,0.0,0.11,Arsenal
,Luis Guilherme,"Luis Guilherme Luis Guilherme Lira dos Santos (West Ham United, Midfielder)",WHU,5,145,0,0,0,0,0,0,0,0,145,1.6111111111111112,0.0,0.0,0.0,WHU
,Livramento,"Livramento Valentino Livramento (Newcastle United, Defender)",NEW,17,1339,0,0,0,2,0,0,0,0,1339,14.877777777777778,0.0,0.0,0.13,Newcastle United
,Longstaff,"Longstaff (Sean) Sean Longstaff (Leeds United, Midfielder)",LEE,23,1077,0,2,0,5,31,17,16,7,1077,11.966666666666667,2.59,1.34,0.42,Leeds United
,Fernando López,"Fernando López Fernando López (Wolverhampton Wanderers, Midfielder)",WOL,9,276,0,0,0,2,3,0,1,1,276,3.066666666666667,0.98,0.33,0.65,WOL
,Lucca,"Lucca Lorenzo Lucca (Nottingham Forest, Forward)",NFO,4,148,0,0,1,1,0,0,0,0,148,1.6444444444444444,0.0,0.0,0.61,Nottingham Forest
,Lukic,"Lukic Sasa Lukic (Fulham, Midfielder)",FUL,26,1754,0,0,0,1,52,13,7,2,1754,19.488888888888887,2.67,0.36,0.05,Fulham
,Maatsen,"Maatsen Ian Maatsen (Aston Villa, Defender)",AVL,30,1654,0,0,0,12,7,3,1,1,1654,18.377777777777776,0.38,0.05,0.65,Aston Villa
,Mac Allister,"Mac Allister Alexis Mac Allister (Liverpool, Midfielder)",LIV,37,2702,0,2,9,15,11,8,1,0,2702,30.022222222222222,0.37,0.03,0.5,Liverpool
,Igor Jesus,"Igor Jesus Igor Jesus Maciel da Cruz (Nottingham Forest, Forward)",NFO,37,2324,1,2,14,18,0,0,0,0,2324,25.822222222222223,0.0,0.0,0.7,Nottingham Forest
,Maddison,"Maddison James Maddison (Tottenham Hotspur, Midfielder)",TOT,3,67,0,0,0,1,4,1,0,0,67,0.7444444444444445,5.37,0.0,1.34,Tottenham Hotspur
,Madueke,"Madueke Noni Madueke (Arsenal, Midfielder)",ARS,26,1252,0,3,2,11,37,10,0,0,1252,13.911111111111111,2.66,0.0,0.79,Arsenal
,Magassa,"Magassa Soungoutou Magassa (West Ham United, Midfielder)",WHU,22,1041,0,1,0,2,0,0,0,0,1041,11.566666666666666,0.0,0.0,0.17,WHU
,Maguire,"Maguire Harry Maguire (Manchester United, Defender)",MUN,23,1669,0,1,12,14,0,0,0,0,1669,18.544444444444444,0.0,0.0,0.75,Manchester United
,Mainoo,"Mainoo Kobbie Mainoo (Manchester United, Midfielder)",MUN,28,1728,0,0,0,2,1,0,0,0,1728,19.2,0.05,0.0,0.1,Manchester United
,Malacia,"Malacia Tyrell Malacia (Manchester United, Defender)",MUN,3,37,0,0,0,0,0,0,0,0,37,0.4111111111111111,0.0,0.0,0.0,Manchester United
,Malen,"Malen Donyell Malen (Aston Villa, Midfielder)",AVL,21,722,0,2,1,4,3,0,0,0,722,8.022222222222222,0.37,0.0,0.5,Aston Villa
,Reinildo,"Reinildo Reinildo Mandava (Sunderland, Defender)",SUN,25,1974,0,0,0,1,0,0,0,0,1974,21.933333333333334,0.0,0.0,0.05,Sunderland
,Mané,"Mané Mateus Mané (Wolverhampton Wanderers, Forward)",WOL,27,1833,0,0,0,8,29,15,19,8,1833,20.366666666666667,1.42,0.93,0.39,WOL
,March,"March Solomon March (Brighton and Hove Albion, Midfielder)",BHA,4,63,0,0,0,0,0,0,0,0,63,0.7,0.0,0.0,0.0,Brighton and Hove Albion
,Omar Marmoush,"Omar Marmoush Omar Khaled Mohamed Marmoush (Manchester City, Midfielder)",MCI,21,773,0,0,0,5,8,0,0,0,773,8.588888888888889,0.93,0.0,0.58,Manchester City
,Martinelli,"Martinelli Gabriel Teodoro Martinelli Silva (Arsenal, Midfielder)",ARS,30,1180,0,0,4,10,5,1,1,1,1180,13.11111111111111,0.38,0.08,0.76,Arsenal
,Martínez,"Martínez Lisandro Martínez (Manchester United, Defender)",MUN,18,1256,0,0,0,1,0,0,0,0,1256,13.955555555555556,0.0,0.0,0.07,Manchester United
,Masuaku,"Masuaku Arthur Masuaku (Sunderland, Defender)",SUN,3,133,0,0,0,1,0,0,0,0,133,1.4777777777777779,0.0,0.0,0.68,Sunderland
,Mateta,"Mateta Jean-Philippe Mateta (Crystal Palace, Forward)",CRY,32,2244,4,2,6,9,0,0,0,0,2244,24.933333333333334,0.0,0.0,0.36,Crystal Palace
,Mavropanos,"Mavropanos Konstantinos Mavropanos (West Ham United, Defender)",WHU,31,2544,0,3,17,22,0,0,0,0,2544,28.266666666666666,0.0,0.0,0.78,WHU
,Mayenda,"Mayenda Eliezer Mayenda (Sunderland, Forward)",SUN,20,814,0,0,2,6,0,0,0,0,814,9.044444444444444,0.0,0.0,0.66,Sunderland
,Mayers,"Mayers Ezra Mayers (West Ham United, Defender)",WHU,6,145,0,0,0,0,0,0,0,0,145,1.6111111111111112,0.0,0.0,0.0,WHU
,Mazraoui,"Mazraoui Noussair Mazraoui (Manchester United, Defender)",MUN,20,1029,0,0,0,1,0,0,0,0,1029,11.433333333333334,0.0,0.0,0.09,Manchester United
,Mbeumo,"Mbeumo Bryan Mbeumo (Manchester United, Midfielder)",MUN,33,2613,0,1,0,10,49,17,7,1,2613,29.033333333333335,1.69,0.24,0.34,Manchester United
,Mcatee,"Mcatee James Mcatee (Nottingham Forest, Midfielder)",NFO,14,363,0,0,1,2,2,0,0,0,363,4.033333333333333,0.5,0.0,0.5,Nottingham Forest
,McGinn,"McGinn John McGinn (Aston Villa, Midfielder)",AVL,30,2145,0,1,0,8,28,5,10,4,2145,23.833333333333332,1.17,0.42,0.34,Aston Villa
,McNeil,"McNeil Dwight McNeil (Everton, Midfielder)",EVE,22,1196,0,0,0,4,9,3,6,2,1196,13.28888888888889,0.68,0.45,0.3,Everton
,Mejbri,"Mejbri Hannibal Mejbri (Burnley, Midfielder)",BUR,27,1284,0,0,0,7,1,0,5,2,1284,14.266666666666667,0.07,0.35,0.49,BUR
,Merino,"Merino Mikel Merino (Arsenal, Midfielder)",ARS,22,1101,0,2,5,8,0,0,0,0,1101,12.233333333333333,0.0,0.0,0.65,Arsenal
,Milenkovic,"Milenkovic Nikola Milenkovic (Nottingham Forest, Defender)",NFO,38,3375,0,0,11,13,0,0,0,0,3375,37.5,0.0,0.0,0.35,Nottingham Forest
,Miley,"Miley Lewis Miley (Newcastle United, Midfielder)",NEW,23,1527,0,0,3,5,19,3,1,0,1527,16.966666666666665,1.12,0.06,0.29,Newcastle United
,Milner,"Milner James Milner (Brighton and Hove Albion, Midfielder)",BHA,20,842,1,0,1,5,4,2,1,1,842,9.355555555555556,0.43,0.11,0.53,Brighton and Hove Albion
,Milosavljevic,"Milosavljevic Veljko Milosavljevic (Bournemouth, Defender)",BOU,7,377,0,0,1,1,0,0,0,0,377,4.188888888888889,0.0,0.0,0.24,Bournemouth
,Mings,"Mings Tyrone Mings (Aston Villa, Defender)",AVL,17,1327,0,0,6,8,0,0,0,0,1327,14.744444444444444,0.0,0.0,0.54,Aston Villa
,Minteh,"Minteh Yankuba Minteh (Brighton and Hove Albion, Midfielder)",BHA,34,2414,0,1,0,6,32,5,3,1,2414,26.822222222222223,1.19,0.11,0.22,Brighton and Hove Albion
,Mitchell,"Mitchell Tyrick Mitchell (Crystal Palace, Defender)",CRY,38,3248,0,0,0,6,0,0,0,0,3248,36.08888888888889,0.0,0.0,0.17,Crystal Palace
,Mitoma,"Mitoma Kaoru Mitoma (Brighton and Hove Albion, Midfielder)",BHA,25,1746,0,0,0,3,0,0,0,0,1746,19.4,0.0,0.0,0.15,Brighton and Hove Albion
,Savinho,"Savinho Sávio Moreira de Oliveira (Manchester City, Midfielder)",MCI,24,931,0,0,0,5,4,1,0,0,931,10.344444444444445,0.39,0.0,0.48,Manchester City
,Florentino,"Florentino Florentino Ibrain Morris Luís (Burnley, Midfielder)",BUR,31,2136,0,0,1,8,0,0,0,0,2136,23.733333333333334,0.0,0.0,0.34,BUR
,Mosquera,"Mosquera (Cristhian) Cristhian Mosquera (Arsenal, Defender)",ARS,20,1027,0,0,1,1,0,0,0,0,1027,11.411111111111111,0.0,0.0,0.09,Arsenal
,Mosquera,"Mosquera (Yerson) Yerson Mosquera (Wolverhampton Wanderers, Defender)",WOL,27,2142,0,0,15,18,0,0,0,0,2142,23.8,0.0,0.0,0.76,WOL
,Mount,"Mount Mason Mount (Manchester United, Midfielder)",MUN,23,1064,0,1,1,5,10,1,0,0,1064,11.822222222222223,0.85,0.0,0.42,Manchester United
,Mukiele,"Mukiele Nordi Mukiele (Sunderland, Defender)",SUN,32,2779,0,1,6,17,0,0,0,0,2779,30.877777777777776,0.0,0.0,0.55,Sunderland
,Mundle,"Mundle Romaine Mundle (Sunderland, Midfielder)",SUN,14,463,0,0,0,2,1,0,0,0,463,5.144444444444445,0.19,0.0,0.39,Sunderland
,Munetsi,"Munetsi Marshall Munetsi (Wolverhampton Wanderers, Midfielder)",WOL,13,884,0,0,0,2,0,0,0,0,884,9.822222222222223,0.0,0.0,0.2,WOL
,Rodrigo Muniz,"Rodrigo Muniz Rodrigo Muniz Carvalho (Fulham, Forward)",FUL,21,1040,0,1,5,11,0,0,0,0,1040,11.555555555555555,0.0,0.0,0.95,Fulham
,Muñoz,"Muñoz Daniel Muñoz (Crystal Palace, Defender)",CRY,29,2393,0,1,1,10,0,0,0,0,2393,26.58888888888889,0.0,0.0,0.38,Crystal Palace
,Murphy,"Murphy (Jacob) Jacob Murphy (Newcastle United, Midfielder)",NEW,33,1693,0,0,0,8,7,0,2,0,1693,18.81111111111111,0.37,0.11,0.43,Newcastle United
,Mvom Onana,"Mvom Onana Amadou Mvom Onana (Aston Villa, Midfielder)",AVL,25,1778,0,1,4,7,0,0,0,0,1778,19.755555555555556,0.0,0.0,0.35,Aston Villa
,Mykolenko,"Mykolenko Vitaliy Mykolenko (Everton, Defender)",EVE,33,2957,0,0,0,1,0,0,1,1,2957,32.855555555555554,0.0,0.03,0.03,Everton
,Møller Wolfe,"Møller Wolfe David Møller Wolfe (Wolverhampton Wanderers, Defender)",WOL,22,1087,0,0,0,0,3,0,0,0,1087,12.077777777777778,0.25,0.0,0.0,WOL
,Andrey Santos,"Andrey Santos Andrey Nascimento dos Santos (Chelsea, Midfielder)",CHE,27,1314,0,0,1,2,0,0,0,0,1314,14.6,0.0,0.0,0.14,Chelsea
,Thiago,"Thiago Igor Thiago Nascimento Rodrigues (Brentford, Forward)",BRE,38,3282,8,0,9,14,0,0,0,0,3282,36.46666666666667,0.0,0.0,0.38,Brentford
,Ndiaye,"Ndiaye (Iliman) Iliman Ndiaye (Everton, Midfielder)",EVE,32,2783,2,0,1,6,0,0,0,0,2783,30.92222222222222,0.0,0.0,0.19,Everton
,Ndoye,"Ndoye Dan Ndoye (Nottingham Forest, Midfielder)",NFO,24,1219,0,0,1,3,5,1,0,0,1219,13.544444444444444,0.37,0.0,0.22,Nottingham Forest
,Neil,"Neil Dan Neil (Sunderland, Midfielder)",SUN,3,25,0,0,0,0,0,0,0,0,25,0.2777777777777778,0.0,0.0,0.0,Sunderland
,Nelson,"Nelson Reiss Nelson (Brentford, Midfielder)",BRE,10,179,0,0,0,0,0,0,0,0,179,1.988888888888889,0.0,0.0,0.0,Brentford
,Neto,"Neto Pedro Neto (Chelsea, Midfielder)",CHE,34,2628,0,1,0,3,71,13,19,4,2628,29.2,2.43,0.65,0.1,Chelsea
,Netz,"Netz Luca Netz (Nottingham Forest, Defender)",NFO,7,379,0,0,0,0,0,0,0,0,379,4.211111111111111,0.0,0.0,0.0,Nottingham Forest
,Ngumoha,"Ngumoha Rio Ngumoha (Liverpool, Midfielder)",LIV,19,655,0,0,0,1,0,0,0,0,655,7.277777777777778,0.0,0.0,0.14,Liverpool
,Lindelof,"Lindelof Victor Nilsson-Lindelof (Aston Villa, Defender)",AVL,17,980,0,0,3,3,0,0,0,0,980,10.88888888888889,0.0,0.0,0.28,Aston Villa
,Eddie Nketiah,"Eddie Nketiah Edward Nketiah (Crystal Palace, Forward)",CRY,12,483,0,1,0,4,0,0,0,0,483,5.366666666666666,0.0,0.0,0.75,Crystal Palace
,Nmecha,"Nmecha Lukas Nmecha (Leeds United, Forward)",LEE,31,1199,2,2,3,6,0,0,0,0,1199,13.322222222222223,0.0,0.0,0.45,Leeds United
,Norgaard,"Norgaard Christian Norgaard (Arsenal, Midfielder)",ARS,7,141,0,0,0,0,0,0,0,0,141,1.5666666666666667,0.0,0.0,0.0,Arsenal
,Matheus Nunes,"Matheus Nunes Matheus Luiz Nunes (Manchester City, Defender)",MCI,34,2866,0,0,0,1,1,0,0,0,2866,31.844444444444445,0.03,0.0,0.03,Manchester City
,Nwaneri,"Nwaneri Ethan Nwaneri (Arsenal, Midfielder)",ARS,6,203,0,0,0,2,0,0,1,0,203,2.2555555555555555,0.0,0.44,0.89,Arsenal
,Nyoni,"Nyoni Treymaurice Nyoni (Liverpool, Midfielder)",LIV,6,54,0,0,0,0,0,0,0,0,54,0.6,0.0,0.0,0.0,Liverpool
,O'Brien,"O'Brien Jake O&#039;Brien (Everton, Defender)",EVE,37,3125,0,1,5,6,0,0,0,0,3125,34.72222222222222,0.0,0.0,0.17,Everton
,O'Nien,"O'Nien Luke O&#039;Nien (Sunderland, Defender)",SUN,12,602,0,0,2,4,0,0,0,0,602,6.688888888888889,0.0,0.0,0.6,Sunderland
,Odegaard,"Odegaard Martin Odegaard (Arsenal, Midfielder)",ARS,24,1399,0,0,0,1,5,2,6,1,1399,15.544444444444444,0.32,0.39,0.06,Arsenal
,Odobert,"Odobert Wilson Odobert (Tottenham Hotspur, Midfielder)",TOT,24,1054,0,0,0,8,0,0,0,0,1054,11.71111111111111,0.0,0.0,0.68,Tottenham Hotspur
,Okafor,"Okafor Noah Okafor (Leeds United, Midfielder)",LEE,28,1592,0,0,0,8,0,0,0,0,1592,17.68888888888889,0.0,0.0,0.45,Leeds United
,Onyeka,"Onyeka Frank Onyeka (Brentford, Midfielder)",BRE,6,125,0,0,0,0,0,0,0,0,125,1.3888888888888888,0.0,0.0,0.0,Brentford
,Osula,"Osula William Osula (Newcastle United, Forward)",NEW,24,902,0,1,0,4,0,0,0,0,902,10.022222222222222,0.0,0.0,0.4,Newcastle United
,Dango Ouattara,"Dango Ouattara Dango Ouattara (Brentford, Midfielder)",BRE,32,2312,0,2,11,20,28,8,1,1,2312,25.68888888888889,1.09,0.04,0.78,Brentford
,O’Reilly,"O’Reilly Nico O’Reilly (Manchester City, Defender)",MCI,34,2665,0,0,7,13,0,0,0,0,2665,29.61111111111111,0.0,0.0,0.44,Manchester City
,O’Riley,"O’Riley Matt O’Riley (Brighton and Hove Albion, Midfielder)",BHA,6,222,1,0,0,0,2,2,1,0,222,2.466666666666667,0.81,0.41,0.0,Brighton and Hove Albion
,Palmer,"Palmer Cole Palmer (Chelsea, Midfielder)",CHE,26,1964,5,0,0,12,4,0,0,0,1964,21.822222222222223,0.18,0.0,0.55,Chelsea
,Patterson,"Patterson (Nathan) Nathan Patterson (Everton, Defender)",EVE,7,270,0,0,0,0,0,0,0,0,270,3.0,0.0,0.0,0.0,Everton
,Jair,"Jair Jair Paula da Cunha Filho (Nottingham Forest, Defender)",NFO,9,531,0,0,0,0,0,0,0,0,531,5.9,0.0,0.0,0.0,Nottingham Forest
,Pablo,"Pablo Pablo Felipe Pereira de Jesus (West Ham United, Forward)",WHU,14,851,0,0,0,0,0,0,0,0,851,9.455555555555556,0.0,0.0,0.0,WHU
,Pinnock,"Pinnock Ethan Pinnock (Brentford, Defender)",BRE,4,317,0,0,1,1,0,0,0,0,317,3.522222222222222,0.0,0.0,0.28,Brentford
,Pino,"Pino Yeremi Pino (Crystal Palace, Midfielder)",CRY,34,2121,0,1,1,12,41,10,9,3,2121,23.566666666666666,1.74,0.38,0.51,Crystal Palace
,Lucas Pires,"Lucas Pires Lucas Pires Silva (Burnley, Defender)",BUR,20,1437,0,0,0,5,20,3,1,0,1437,15.966666666666667,1.25,0.06,0.31,BUR
,Piroe,"Piroe Joël Piroe (Leeds United, Forward)",LEE,16,349,0,0,0,3,0,0,0,0,349,3.8777777777777778,0.0,0.0,0.77,Leeds United
,Porro,"Porro Pedro Porro (Tottenham Hotspur, Defender)",TOT,34,2805,0,0,0,19,73,23,17,3,2805,31.166666666666668,2.34,0.55,0.61,Tottenham Hotspur
,Potts,"Potts Freddie Potts (West Ham United, Midfielder)",WHU,22,1214,0,0,0,0,25,3,5,1,1214,13.488888888888889,1.85,0.37,0.0,WHU
,Ramsey,"Ramsey (Jacob) Jacob Ramsey (Newcastle United, Midfielder)",NEW,28,1526,0,0,1,8,0,0,0,0,1526,16.955555555555556,0.0,0.0,0.47,Newcastle United
,Reed,"Reed Harrison Reed (Fulham, Midfielder)",FUL,7,127,0,1,0,1,3,2,0,0,127,1.4111111111111112,2.13,0.0,0.71,Fulham
,Reijnders,"Reijnders Tijjani Reijnders (Manchester City, Midfielder)",MCI,28,1675,0,0,0,10,28,8,4,0,1675,18.61111111111111,1.5,0.21,0.54,Manchester City
,Riad,"Riad Chadi Riad (Crystal Palace, Defender)",CRY,9,568,0,0,2,3,0,0,0,0,568,6.311111111111111,0.0,0.0,0.48,Crystal Palace
,Rice,"Rice Declan Rice (Arsenal, Midfielder)",ARS,36,3093,0,0,0,10,95,23,46,12,3093,34.36666666666667,2.76,1.34,0.29,Arsenal
,Richards,"Richards (Chris) Chris Richards (Crystal Palace, Defender)",CRY,33,2839,0,1,12,15,0,0,0,0,2839,31.544444444444444,0.0,0.0,0.48,Crystal Palace
,Rigg,"Rigg Chris Rigg (Sunderland, Midfielder)",SUN,18,790,0,0,0,3,0,0,0,0,790,8.777777777777779,0.0,0.0,0.34,Sunderland
,Robertson,"Robertson Andrew Robertson (Liverpool, Defender)",LIV,24,1226,0,0,0,0,3,0,5,1,1226,13.622222222222222,0.22,0.37,0.0,Liverpool
,Robinson,"Robinson (Antonee) Antonee Robinson (Fulham, Defender)",FUL,22,1521,1,0,0,0,0,0,0,0,1521,16.9,0.0,0.0,0.0,Fulham
,Rodon,"Rodon Joe Rodon (Leeds United, Defender)",LEE,35,2955,0,2,15,17,0,0,0,0,2955,32.833333333333336,0.0,0.0,0.52,Leeds United
,Morato,"Morato Felipe Rodrigues da Silva (Nottingham Forest, Defender)",NFO,21,1384,0,1,2,3,0,0,0,0,1384,15.377777777777778,0.0,0.0,0.2,Nottingham Forest
,Rodríguez,"Rodríguez Guido Rodríguez (West Ham United, Midfielder)",WHU,6,198,0,0,0,0,0,0,0,0,198,2.2,0.0,0.0,0.0,WHU
,Rogers,"Rogers Morgan Rogers (Aston Villa, Midfielder)",AVL,37,3279,0,2,2,19,1,0,1,0,3279,36.43333333333333,0.03,0.03,0.52,Aston Villa
,Röhl,"Röhl Merlin Röhl (Everton, Midfielder)",EVE,16,731,0,1,1,5,0,0,0,0,731,8.122222222222222,0.0,0.0,0.62,Everton
,Romero,"Romero Cristian Romero (Tottenham Hotspur, Defender)",TOT,23,1863,0,1,9,12,0,0,0,0,1863,20.7,0.0,0.0,0.58,Tottenham Hotspur
,Rutter,"Rutter Georginio Rutter (Brighton and Hove Albion, Midfielder)",BHA,32,1837,0,1,3,8,0,0,0,0,1837,20.41111111111111,0.0,0.0,0.39,Brighton and Hove Albion
,Sadiki,"Sadiki Noah Sadiki (Sunderland, Midfielder)",SUN,33,2894,0,0,0,6,0,0,0,0,2894,32.15555555555556,0.0,0.0,0.19,Sunderland
,Saka,"Saka Bukayo Saka (Arsenal, Midfielder)",ARS,31,2240,1,0,0,12,65,20,0,0,2240,24.88888888888889,2.61,0.0,0.48,Arsenal
,Salah,"Salah Mohamed Salah (Liverpool, Midfielder)",LIV,27,2158,1,0,0,9,58,11,6,1,2158,23.977777777777778,2.42,0.25,0.38,Liverpool
,Saliba,"Saliba William Saliba (Arsenal, Defender)",ARS,31,2614,0,1,4,5,0,0,0,0,2614,29.044444444444444,0.0,0.0,0.17,Arsenal
,Sancho,"Sancho Jadon Sancho (Manchester United, Midfielder)",MUN,23,940,0,0,0,2,5,1,2,0,940,10.444444444444445,0.48,0.19,0.19,Manchester United
,Sangaré,"Sangaré Ibrahim Sangaré (Nottingham Forest, Midfielder)",NFO,28,2083,0,0,0,3,0,0,0,0,2083,23.144444444444446,0.0,0.0,0.13,Nottingham Forest
,Murillo,"Murillo Murillo Santiago Costa dos Santos (Nottingham Forest, Defender)",NFO,25,2125,0,1,3,7,0,0,1,0,2125,23.61111111111111,0.0,0.04,0.3,Nottingham Forest
,Matheus Cunha,"Matheus Cunha Matheus Santos Carneiro Da Cunha (Manchester United, Midfielder)",MUN,33,2512,0,1,5,17,5,0,2,0,2512,27.91111111111111,0.18,0.07,0.61,Manchester United
,Kevin,"Kevin Kevin Santos Lopes de Macedo (Fulham, Midfielder)",FUL,26,1124,0,0,0,6,10,1,1,0,1124,12.488888888888889,0.8,0.08,0.48,Fulham
,Ismaila Sarr,"Ismaila Sarr Ismaila Sarr (Crystal Palace, Midfielder)",CRY,28,2184,3,2,1,7,0,0,0,0,2184,24.266666666666666,0.0,0.0,0.29,Crystal Palace
,Sarr,"Sarr (Mamadou) Mamadou Sarr (Chelsea, Defender)",CHE,3,113,0,0,0,1,0,0,0,0,113,1.2555555555555555,0.0,0.0,0.8,Chelsea
,Sarr,"Sarr (Pape) Pape Sarr (Tottenham Hotspur, Midfielder)",TOT,26,1465,0,1,2,5,0,0,0,0,1465,16.27777777777778,0.0,0.0,0.31,Tottenham Hotspur
,Savona,"Savona Nicolò Savona (Nottingham Forest, Defender)",NFO,14,1041,0,0,1,1,0,0,0,0,1041,11.566666666666666,0.0,0.0,0.09,Nottingham Forest
,Scarles,"Scarles Oliver Scarles (West Ham United, Defender)",WHU,13,683,0,0,0,0,18,0,4,1,683,7.588888888888889,2.37,0.53,0.0,WHU
,Schade,"Schade Kevin Schade (Brentford, Midfielder)",BRE,35,2748,0,2,12,19,1,1,0,0,2748,30.533333333333335,0.03,0.0,0.62,Brentford
,Schär,"Schär Fabian Schär (Newcastle United, Defender)",NEW,16,1103,0,0,1,11,0,0,0,0,1103,12.255555555555556,0.0,0.0,0.9,Newcastle United
,Scott,"Scott Alex Scott (Bournemouth, Midfielder)",BOU,37,2861,0,0,3,13,56,6,10,2,2861,31.788888888888888,1.76,0.31,0.41,Bournemouth
,Semenyo,"Semenyo Antoine Semenyo (Manchester City, Midfielder)",MCI,37,3200,1,2,0,6,0,0,0,0,3200,35.55555555555556,0.0,0.0,0.17,Manchester City
,Senesi,"Senesi Marcos Senesi (Bournemouth, Defender)",BOU,37,3285,0,0,5,13,0,0,0,0,3285,36.5,0.0,0.0,0.36,Bournemouth
,Sesko,"Sesko Benjamin Sesko (Manchester United, Forward)",MUN,30,1723,0,1,3,4,0,0,0,0,1723,19.144444444444446,0.0,0.0,0.21,Manchester United
,Sessegnon,"Sessegnon (Ryan) Kouassi Ryan Sessegnon (Fulham, Midfielder)",FUL,27,1860,0,0,0,4,1,0,0,0,1860,20.666666666666668,0.05,0.0,0.19,Fulham
,Shaw,"Shaw Luke Shaw (Manchester United, Defender)",MUN,38,3213,0,0,1,4,11,3,0,0,3213,35.7,0.31,0.0,0.11,Manchester United
,Simons,"Simons Xavi Simons (Tottenham Hotspur, Midfielder)",TOT,28,1788,0,0,2,9,33,7,7,4,1788,19.866666666666667,1.66,0.35,0.45,Tottenham Hotspur
,Rayan,"Rayan Rayan Vitor Simplício Rocha (Bournemouth, Midfielder)",BOU,15,1124,0,1,3,6,1,0,0,0,1124,12.488888888888889,0.08,0.0,0.48,Bournemouth
,Smith,"Smith Adam Smith (Bournemouth, Defender)",BOU,22,1109,0,0,0,0,0,0,0,0,1109,12.322222222222223,0.0,0.0,0.0,Bournemouth
,Smith-Rowe,"Smith-Rowe Emile Smith-Rowe (Fulham, Midfielder)",FUL,37,1992,0,2,1,5,0,0,0,0,1992,22.133333333333333,0.0,0.0,0.23,Fulham
,Douglas Luiz,"Douglas Luiz Douglas Luiz Soares de Paulo (Aston Villa, Midfielder)",AVL,21,955,0,0,0,1,33,8,4,0,955,10.61111111111111,3.11,0.38,0.09,Aston Villa
,Solanke,"Solanke Dominic Solanke (Tottenham Hotspur, Forward)",TOT,15,1016,0,1,1,4,0,0,0,0,1016,11.28888888888889,0.0,0.0,0.35,Tottenham Hotspur
,Soler,"Soler Julio Soler (Bournemouth, Defender)",BOU,3,46,0,0,0,0,0,0,0,0,46,0.5111111111111111,0.0,0.0,0.0,Bournemouth
,Sonne,"Sonne Oliver Sonne (Burnley, Defender)",BUR,7,202,0,0,0,1,0,0,0,0,202,2.2444444444444445,0.0,0.0,0.45,BUR
,Sosa,"Sosa (Borna) Borna Sosa (Crystal Palace, Defender)",CRY,7,134,0,0,0,0,3,0,0,0,134,1.488888888888889,2.01,0.0,0.0,Crystal Palace
,Soucek,"Soucek Tomas Soucek (West Ham United, Midfielder)",WHU,35,2256,0,2,6,8,0,0,0,0,2256,25.066666666666666,0.0,0.0,0.32,WHU
,Spence,"Spence Djed Spence (Tottenham Hotspur, Defender)",TOT,30,2100,0,0,0,0,0,0,0,0,2100,23.333333333333332,0.0,0.0,0.0,Tottenham Hotspur
,Stach,"Stach Anton Stach (Leeds United, Midfielder)",LEE,29,2350,0,3,1,21,102,30,23,2,2350,26.11111111111111,3.91,0.88,0.8,Leeds United
,Stones,"Stones John Stones (Manchester City, Defender)",MCI,9,464,0,0,0,0,0,0,0,0,464,5.155555555555556,0.0,0.0,0.0,Manchester City
,Strand Larsen,"Strand Larsen Jørgen Strand Larsen (Crystal Palace, Forward)",CRY,36,2345,1,0,2,4,0,0,0,0,2345,26.055555555555557,0.0,0.0,0.15,Crystal Palace
,Struijk,"Struijk Pascal Struijk (Leeds United, Defender)",LEE,34,2936,0,0,24,26,0,0,0,0,2936,32.62222222222222,0.0,0.0,0.8,Leeds United
,Summerville,"Summerville Crysencio Summerville (West Ham United, Midfielder)",WHU,31,2473,0,0,0,8,30,7,2,0,2473,27.477777777777778,1.09,0.07,0.29,WHU
,Szoboszlai,"Szoboszlai Dominik Szoboszlai (Liverpool, Midfielder)",LIV,36,3231,0,4,0,19,104,31,38,17,3231,35.9,2.9,1.06,0.53,Liverpool
,Talbi,"Talbi Chemsdine Talbi (Sunderland, Midfielder)",SUN,28,1619,0,1,0,7,1,1,0,0,1619,17.988888888888887,0.06,0.0,0.39,Sunderland
,Tanaka,"Tanaka Ao Tanaka (Leeds United, Midfielder)",LEE,28,1379,0,1,0,5,12,6,9,4,1379,15.322222222222223,0.78,0.59,0.33,Leeds United
,Tarkowski,"Tarkowski James Tarkowski (Everton, Defender)",EVE,37,3330,0,2,19,20,0,0,0,0,3330,37.0,0.0,0.0,0.54,Everton
,Tavernier,"Tavernier Marcus Tavernier (Bournemouth, Midfielder)",BOU,34,2742,2,2,0,14,62,9,5,1,2742,30.466666666666665,2.04,0.16,0.46,Bournemouth
,Tchaouna,"Tchaouna Loum Tchaouna (Burnley, Midfielder)",BUR,29,1364,0,0,1,5,1,0,0,0,1364,15.155555555555555,0.07,0.0,0.33,BUR
,Tchatchoua,"Tchatchoua Jackson Tchatchoua (Wolverhampton Wanderers, Defender)",WOL,31,1902,0,0,0,0,0,0,0,0,1902,21.133333333333333,0.0,0.0,0.0,WOL
,Tel,"Tel Mathys Tel (Tottenham Hotspur, Midfielder)",TOT,31,1418,0,1,2,5,49,17,3,0,1418,15.755555555555556,3.11,0.19,0.32,Tottenham Hotspur
,Tete,"Tete Kenny Tete (Fulham, Defender)",FUL,22,1795,0,0,2,6,0,0,0,0,1795,19.944444444444443,0.0,0.0,0.3,Fulham
,Thiaw,"Thiaw Malick Thiaw (Newcastle United, Defender)",NEW,35,2986,0,4,16,26,0,0,0,0,2986,33.17777777777778,0.0,0.0,0.78,Newcastle United
,Tielemans,"Tielemans Youri Tielemans (Aston Villa, Midfielder)",AVL,25,1876,0,0,4,10,25,9,9,2,1876,20.844444444444445,1.2,0.43,0.48,Aston Villa
,Jurriën Timber,"Jurriën Timber Jurriën Timber (Arsenal, Defender)",ARS,30,2460,0,3,7,12,1,0,0,0,2460,27.333333333333332,0.04,0.0,0.44,Arsenal
,Todibo,"Todibo Jean-Clair Todibo (West Ham United, Defender)",WHU,23,1820,0,0,0,2,0,0,0,0,1820,20.22222222222222,0.0,0.0,0.1,WHU
,Lucas Paquetá,"Lucas Paquetá Lucas Tolentino Coelho de Lima (West Ham United, Midfielder)",WHU,18,1508,2,0,0,5,11,3,4,1,1508,16.755555555555556,0.66,0.24,0.3,WHU
,Tonali,"Tonali Sandro Tonali (Newcastle United, Midfielder)",NEW,35,2546,0,0,0,14,49,9,14,3,2546,28.288888888888888,1.73,0.49,0.49,Newcastle United
,Torres,"Torres Pau Torres (Aston Villa, Defender)",AVL,21,1697,0,0,5,8,0,0,0,0,1697,18.855555555555554,0.0,0.0,0.42,Aston Villa
,Tóth,"Tóth Alex Tóth (Bournemouth, Midfielder)",BOU,9,188,0,0,0,0,2,1,1,0,188,2.088888888888889,0.96,0.48,0.0,Bournemouth
,Traoré,"Traoré (Adama) Adama Traoré (West Ham United, Midfielder)",WHU,24,527,0,0,0,1,0,0,0,0,527,5.855555555555555,0.0,0.0,0.17,WHU
,Amad Diallo,"Amad Diallo Amad Diallo Traore (Manchester United, Midfielder)",MUN,32,2363,0,1,2,11,15,4,0,0,2363,26.255555555555556,0.57,0.0,0.42,Manchester United
,Traore,"Traore (Bertrand) Bertrand Traore (Sunderland, Midfielder)",SUN,12,651,0,1,0,4,0,0,0,0,651,7.233333333333333,0.0,0.0,0.55,Sunderland
,Trésor,"Trésor Mike Trésor (Burnley, Midfielder)",BUR,6,73,0,0,0,0,2,0,0,0,73,0.8111111111111111,2.47,0.0,0.0,BUR
,Trippier,"Trippier Kieran Trippier (Newcastle United, Defender)",NEW,21,1586,0,0,0,2,48,20,13,5,1586,17.622222222222224,2.72,0.74,0.11,Newcastle United
,Trossard,"Trossard Leandro Trossard (Arsenal, Midfielder)",ARS,31,2030,0,1,3,17,4,2,0,0,2030,22.555555555555557,0.18,0.0,0.75,Arsenal
,Truffert,"Truffert Adrien Truffert (Bournemouth, Defender)",BOU,38,3379,0,0,0,7,1,0,3,2,3379,37.544444444444444,0.03,0.08,0.19,Bournemouth
,Tuanzebe,"Tuanzebe Axel Tuanzebe (Burnley, Defender)",BUR,14,1199,0,1,1,2,0,0,0,0,1199,13.322222222222223,0.0,0.0,0.15,BUR
,Tzimas,"Tzimas Stefanos Tzimas (Brighton and Hove Albion, Forward)",BHA,9,188,0,0,2,2,0,0,0,0,188,2.088888888888889,0.0,0.0,0.96,Brighton and Hove Albion
,Uche,"Uche Christantus Uche (Crystal Palace, Forward)",CRY,14,260,0,0,0,1,0,0,0,0,260,2.888888888888889,0.0,0.0,0.35,Crystal Palace
,Destiny Udogie,"Destiny Udogie Iyenoma Destiny Udogie (Tottenham Hotspur, Defender)",TOT,20,1350,0,0,1,2,0,0,0,0,1350,15.0,0.0,0.0,0.13,Tottenham Hotspur
,Ugarte,"Ugarte Manuel Ugarte (Manchester United, Midfielder)",MUN,22,971,0,0,1,4,0,0,0,0,971,10.78888888888889,0.0,0.0,0.37,Manchester United
,Ugochukwu,"Ugochukwu Lesley Ugochukwu (Burnley, Midfielder)",BUR,35,2344,0,2,3,8,0,0,0,0,2344,26.044444444444444,0.0,0.0,0.31,BUR
,Unal,"Unal Enes Unal (Bournemouth, Forward)",BOU,23,365,0,0,0,6,0,0,0,0,365,4.055555555555555,0.0,0.0,1.48,Bournemouth
,van de Ven,"van de Ven Micky van de Ven (Tottenham Hotspur, Defender)",TOT,35,3037,0,4,8,13,0,0,0,0,3037,33.74444444444445,0.0,0.0,0.39,Tottenham Hotspur
,van den Berg,"van den Berg Sepp van den Berg (Brentford, Defender)",BRE,32,2779,0,0,18,22,0,0,0,0,2779,30.877777777777776,0.0,0.0,0.71,Brentford
,van Dijk,"van Dijk Virgil van Dijk (Liverpool, Defender)",LIV,38,3420,0,6,23,28,0,0,0,0,3420,38.0,0.0,0.0,0.74,Liverpool
,van Hecke,"van Hecke Jan-Paul van Hecke (Brighton and Hove Albion, Defender)",BHA,36,3210,0,2,9,13,0,0,0,0,3210,35.666666666666664,0.0,0.0,0.36,Brighton and Hove Albion
,Bernardo Silva,"Bernardo Silva Bernardo Mota Veiga de Carvalho e Silva (Manchester City, Midfielder)",MCI,38,2879,0,0,0,5,47,10,8,3,2879,31.988888888888887,1.47,0.25,0.16,Manchester City
,Veltman,"Veltman Joël Veltman (Brighton and Hove Albion, Defender)",BHA,24,1121,0,1,1,4,0,0,0,0,1121,12.455555555555556,0.0,0.0,0.32,Brighton and Hove Albion
,Walker,"Walker Kyle Walker (Burnley, Defender)",BUR,36,3100,0,0,1,1,0,0,5,1,3100,34.44444444444444,0.0,0.15,0.03,BUR
,Walker-Peters,"Walker-Peters Kyle Walker-Peters (West Ham United, Defender)",WHU,23,1422,0,0,0,0,0,0,0,0,1422,15.8,0.0,0.0,0.0,WHU
,Wan-Bissaka,"Wan-Bissaka Aaron Wan-Bissaka (West Ham United, Defender)",WHU,25,2080,0,0,0,0,0,0,0,0,2080,23.11111111111111,0.0,0.0,0.0,WHU
,Ward-Prowse,"Ward-Prowse James Ward-Prowse (Burnley, Midfielder)",BUR,18,1126,0,0,0,2,52,18,17,5,1126,12.511111111111111,4.16,1.36,0.16,BUR
,Watkins,"Watkins Ollie Watkins (Aston Villa, Forward)",AVL,37,2848,0,4,6,11,0,0,0,0,2848,31.644444444444446,0.0,0.0,0.35,Aston Villa
,Watson,"Watson Tom Watson (Brighton and Hove Albion, Midfielder)",BHA,6,89,0,0,0,0,0,0,0,0,89,0.9888888888888889,0.0,0.0,0.0,Brighton and Hove Albion
,Welbeck,"Welbeck Danny Welbeck (Brighton and Hove Albion, Forward)",BHA,37,2307,1,2,9,17,0,0,0,0,2307,25.633333333333333,0.0,0.0,0.66,Brighton and Hove Albion
,Wharton,"Wharton Adam Wharton (Crystal Palace, Midfielder)",CRY,34,2552,0,0,1,14,43,16,15,2,2552,28.355555555555554,1.52,0.53,0.49,Crystal Palace
,White,"White (Ben) Ben White (Arsenal, Defender)",ARS,12,719,0,0,0,2,0,0,0,0,719,7.988888888888889,0.0,0.0,0.25,Arsenal
,Wieffer,"Wieffer Mats Wieffer (Brighton and Hove Albion, Midfielder)",BHA,26,1911,0,0,3,4,0,0,0,0,1911,21.233333333333334,0.0,0.0,0.19,Brighton and Hove Albion
,Williams,"Williams (Neco) Neco Williams (Nottingham Forest, Defender)",NFO,37,3211,0,1,0,18,23,6,0,0,3211,35.67777777777778,0.64,0.0,0.5,Nottingham Forest
,Willock,"Willock Joseph Willock (Newcastle United, Midfielder)",NEW,24,1057,0,0,0,3,0,0,0,0,1057,11.744444444444444,0.0,0.0,0.26,Newcastle United
,Wilson,"Wilson (Callum) Callum Wilson (West Ham United, Forward)",WHU,32,1365,0,5,5,12,0,0,0,0,1365,15.166666666666666,0.0,0.0,0.79,WHU
,Wilson,"Wilson (Harry) Harry Wilson (Fulham, Midfielder)",FUL,36,2692,0,1,0,15,70,16,17,5,2692,29.91111111111111,2.34,0.57,0.5,Fulham
,Wirtz,"Wirtz Florian Wirtz (Liverpool, Midfielder)",LIV,33,2393,0,1,0,9,20,5,1,1,2393,26.58888888888889,0.75,0.04,0.34,Liverpool
,Wissa,"Wissa Yoane Wissa (Newcastle United, Forward)",NEW,19,626,0,0,1,2,1,0,0,0,626,6.955555555555556,0.14,0.0,0.29,Newcastle United
,Woltemade,"Woltemade Nick Woltemade (Newcastle United, Forward)",NEW,33,1931,1,2,7,14,0,0,0,0,1931,21.455555555555556,0.0,0.0,0.65,Newcastle United
,Wood,"Wood Chris Wood (Nottingham Forest, Forward)",NFO,15,910,0,1,6,7,0,0,0,0,910,10.11111111111111,0.0,0.0,0.69,Nottingham Forest
,Worrall,"Worrall Joe Worrall (Burnley, Defender)",BUR,11,533,0,0,0,0,0,0,0,0,533,5.9222222222222225,0.0,0.0,0.0,BUR
,Xhaka,"Xhaka Granit Xhaka (Sunderland, Midfielder)",SUN,34,2922,0,0,1,10,61,12,23,6,2922,32.46666666666667,1.88,0.71,0.31,Sunderland
,Yarmolyuk,"Yarmolyuk Ehor Yarmolyuk (Brentford, Midfielder)",BRE,37,2682,0,1,2,11,0,0,0,0,2682,29.8,0.0,0.0,0.37,Brentford
,Yates,"Yates Ryan Yates (Nottingham Forest, Midfielder)",NFO,22,702,0,0,1,2,0,0,0,0,702,7.8,0.0,0.0,0.26,Nottingham Forest
,Yoro,"Yoro Leny Yoro (Manchester United, Defender)",MUN,32,1817,0,0,6,8,0,0,0,0,1817,20.18888888888889,0.0,0.0,0.4,Manchester United
,Zinchenko,"Zinchenko Oleksandr Zinchenko (Nottingham Forest, Defender)",NFO,5,357,0,0,0,3,2,0,2,0,357,3.966666666666667,0.5,0.5,0.76,Nottingham Forest
,Zirkzee,"Zirkzee Joshua Zirkzee (Manchester United, Forward)",MUN,24,735,0,1,1,3,0,0,0,0,735,8.166666666666666,0.0,0.0,0.37,Manchester United
,Zubimendi,"Zubimendi Martín Zubimendi (Arsenal, Midfielder)",ARS,38,3005,0,3,6,9,0,0,0,0,3005,33.388888888888886,0.0,0.0,0.27,Arsenal
